ML Catalog Number,Common Name
10523,Black-and-white Warbler
53172,Black-and-white Warbler
73983,Black-and-white Warbler
136151,Black-and-white Warbler
94649311,Black-and-white Warbler
101678531,Black-and-white Warbler
102214571,Black-and-white Warbler
108934191,Black-and-white Warbler
122712421,Black-and-white Warbler
160460231,Black-and-white Warbler
215631801,Black-and-white Warbler
230120751,Black-and-white Warbler
230302391,Black-and-white Warbler
231337651,Black-and-white Warbler
231758081,Black-and-white Warbler
231925481,Black-and-white Warbler
234398671,Black-and-white Warbler
238436091,Black-and-white Warbler
239434301,Black-and-white Warbler
242462981,Black-and-white Warbler
242465731,Black-and-white Warbler
244261431,Black-and-white Warbler
246121191,Black-and-white Warbler
246571561,Black-and-white Warbler
255292621,Black-and-white Warbler
262470301,Black-and-white Warbler
281737341,Black-and-white Warbler
322878711,Black-and-white Warbler
322878971,Black-and-white Warbler
325173711,Black-and-white Warbler
325250561,Black-and-white Warbler
325524961,Black-and-white Warbler
328418861,Black-and-white Warbler
328470221,Black-and-white Warbler
332699711,Black-and-white Warbler
333185491,Black-and-white Warbler
333465321,Black-and-white Warbler
333821221,Black-and-white Warbler
334731441,Black-and-white Warbler
337364521,Black-and-white Warbler
339101281,Black-and-white Warbler
339869471,Black-and-white Warbler
340592511,Black-and-white Warbler
342591921,Black-and-white Warbler
343716001,Black-and-white Warbler
343879991,Black-and-white Warbler
344463231,Black-and-white Warbler
344594231,Black-and-white Warbler
344685301,Black-and-white Warbler
347472541,Black-and-white Warbler
347473281,Black-and-white Warbler
350306011,Black-and-white Warbler
352110031,Black-and-white Warbler
356037381,Black-and-white Warbler
395027911,Black-and-white Warbler
411647661,Black-and-white Warbler
426097491,Black-and-white Warbler
429454401,Black-and-white Warbler
430463941,Black-and-white Warbler
432180891,Black-and-white Warbler
435067401,Black-and-white Warbler
435410551,Black-and-white Warbler
436562641,Black-and-white Warbler
439918571,Black-and-white Warbler
440610061,Black-and-white Warbler
440756091,Black-and-white Warbler
440772461,Black-and-white Warbler
442324371,Black-and-white Warbler
443795261,Black-and-white Warbler
443982781,Black-and-white Warbler
445251591,Black-and-white Warbler
446285381,Black-and-white Warbler
447123541,Black-and-white Warbler
449963821,Black-and-white Warbler
449994951,Black-and-white Warbler
450995741,Black-and-white Warbler
451079801,Black-and-white Warbler
451232631,Black-and-white Warbler
453281351,Black-and-white Warbler
454195371,Black-and-white Warbler
455333961,Black-and-white Warbler
456440151,Black-and-white Warbler
456699041,Black-and-white Warbler
456776441,Black-and-white Warbler
457674401,Black-and-white Warbler
458153321,Black-and-white Warbler
458514271,Black-and-white Warbler
465640811,Black-and-white Warbler
465641001,Black-and-white Warbler
466460301,Black-and-white Warbler
466945181,Black-and-white Warbler
473611991,Black-and-white Warbler
478328751,Black-and-white Warbler
485053531,Black-and-white Warbler
494235941,Black-and-white Warbler
494616691,Black-and-white Warbler
501338571,Black-and-white Warbler
509437211,Black-and-white Warbler
539097151,Black-and-white Warbler
543051021,Black-and-white Warbler
40623,Black-crested Titmouse
40624,Black-crested Titmouse
45032,Black-crested Titmouse
45035,Black-crested Titmouse
45037,Black-crested Titmouse
45044,Black-crested Titmouse
51062,Black-crested Titmouse
51800,Black-crested Titmouse
66096,Black-crested Titmouse
66097,Black-crested Titmouse
105232,Black-crested Titmouse
105588,Black-crested Titmouse
105593,Black-crested Titmouse
188237,Black-crested Titmouse
213791,Black-crested Titmouse
213798,Black-crested Titmouse
288785,Black-crested Titmouse
288787,Black-crested Titmouse
32269821,Black-crested Titmouse
51285061,Black-crested Titmouse
51699871,Black-crested Titmouse
51935981,Black-crested Titmouse
59872491,Black-crested Titmouse
65762191,Black-crested Titmouse
80535521,Black-crested Titmouse
80536231,Black-crested Titmouse
97605771,Black-crested Titmouse
103452411,Black-crested Titmouse
104907621,Black-crested Titmouse
105826341,Black-crested Titmouse
106015871,Black-crested Titmouse
106016931,Black-crested Titmouse
151133461,Black-crested Titmouse
154711881,Black-crested Titmouse
160177171,Black-crested Titmouse
169543981,Black-crested Titmouse
173307791,Black-crested Titmouse
173308101,Black-crested Titmouse
199826131,Black-crested Titmouse
212782091,Black-crested Titmouse
219370941,Black-crested Titmouse
219371001,Black-crested Titmouse
222108841,Black-crested Titmouse
240084091,Black-crested Titmouse
240235911,Black-crested Titmouse
242494781,Black-crested Titmouse
299187211,Black-crested Titmouse
305583851,Black-crested Titmouse
319513681,Black-crested Titmouse
321446481,Black-crested Titmouse
326791261,Black-crested Titmouse
327098491,Black-crested Titmouse
327098601,Black-crested Titmouse
327099041,Black-crested Titmouse
327236811,Black-crested Titmouse
335977171,Black-crested Titmouse
344439511,Black-crested Titmouse
359555101,Black-crested Titmouse
387642951,Black-crested Titmouse
388033761,Black-crested Titmouse
401937561,Black-crested Titmouse
403411011,Black-crested Titmouse
407670031,Black-crested Titmouse
408615381,Black-crested Titmouse
408622621,Black-crested Titmouse
408815551,Black-crested Titmouse
408831611,Black-crested Titmouse
408890051,Black-crested Titmouse
408977081,Black-crested Titmouse
408978761,Black-crested Titmouse
409465951,Black-crested Titmouse
413206281,Black-crested Titmouse
414100571,Black-crested Titmouse
415591771,Black-crested Titmouse
419091331,Black-crested Titmouse
419091341,Black-crested Titmouse
421436701,Black-crested Titmouse
421966911,Black-crested Titmouse
422105231,Black-crested Titmouse
422131011,Black-crested Titmouse
423650741,Black-crested Titmouse
423650761,Black-crested Titmouse
428585991,Black-crested Titmouse
428832951,Black-crested Titmouse
436749801,Black-crested Titmouse
442043901,Black-crested Titmouse
442056041,Black-crested Titmouse
442073621,Black-crested Titmouse
452438711,Black-crested Titmouse
462114901,Black-crested Titmouse
466501461,Black-crested Titmouse
501672911,Black-crested Titmouse
502561901,Black-crested Titmouse
502561961,Black-crested Titmouse
502709281,Black-crested Titmouse
517122281,Black-crested Titmouse
525804181,Black-crested Titmouse
531183231,Black-crested Titmouse
537645161,Black-crested Titmouse
537653841,Black-crested Titmouse
33096020,Blue-gray Gnatcatcher
33096460,Blue-gray Gnatcatcher
48329121,Blue-gray Gnatcatcher
89456891,Blue-gray Gnatcatcher
100265901,Blue-gray Gnatcatcher
105561681,Blue-gray Gnatcatcher
126435181,Blue-gray Gnatcatcher
137552181,Blue-gray Gnatcatcher
139007561,Blue-gray Gnatcatcher
151629011,Blue-gray Gnatcatcher
155656381,Blue-gray Gnatcatcher
156716091,Blue-gray Gnatcatcher
157341051,Blue-gray Gnatcatcher
163429811,Blue-gray Gnatcatcher
163690961,Blue-gray Gnatcatcher
163901041,Blue-gray Gnatcatcher
168276311,Blue-gray Gnatcatcher
181570451,Blue-gray Gnatcatcher
226162691,Blue-gray Gnatcatcher
231625031,Blue-gray Gnatcatcher
232094851,Blue-gray Gnatcatcher
240528841,Blue-gray Gnatcatcher
240926741,Blue-gray Gnatcatcher
241510341,Blue-gray Gnatcatcher
244384791,Blue-gray Gnatcatcher
244950161,Blue-gray Gnatcatcher
245753551,Blue-gray Gnatcatcher
246098441,Blue-gray Gnatcatcher
247001551,Blue-gray Gnatcatcher
253311681,Blue-gray Gnatcatcher
282657171,Blue-gray Gnatcatcher
283257311,Blue-gray Gnatcatcher
314563781,Blue-gray Gnatcatcher
320007471,Blue-gray Gnatcatcher
325589061,Blue-gray Gnatcatcher
325651271,Blue-gray Gnatcatcher
330461051,Blue-gray Gnatcatcher
331354921,Blue-gray Gnatcatcher
335918551,Blue-gray Gnatcatcher
336850371,Blue-gray Gnatcatcher
338075201,Blue-gray Gnatcatcher
338969281,Blue-gray Gnatcatcher
340461121,Blue-gray Gnatcatcher
342796661,Blue-gray Gnatcatcher
343234431,Blue-gray Gnatcatcher
348537521,Blue-gray Gnatcatcher
364691531,Blue-gray Gnatcatcher
370323591,Blue-gray Gnatcatcher
395936151,Blue-gray Gnatcatcher
401950821,Blue-gray Gnatcatcher
411361221,Blue-gray Gnatcatcher
420335351,Blue-gray Gnatcatcher
432981031,Blue-gray Gnatcatcher
433260951,Blue-gray Gnatcatcher
435967181,Blue-gray Gnatcatcher
436754901,Blue-gray Gnatcatcher
438086391,Blue-gray Gnatcatcher
438376161,Blue-gray Gnatcatcher
438553511,Blue-gray Gnatcatcher
438553601,Blue-gray Gnatcatcher
438753551,Blue-gray Gnatcatcher
439433381,Blue-gray Gnatcatcher
440918961,Blue-gray Gnatcatcher
443386441,Blue-gray Gnatcatcher
447178381,Blue-gray Gnatcatcher
448193181,Blue-gray Gnatcatcher
449186791,Blue-gray Gnatcatcher
454040331,Blue-gray Gnatcatcher
454271521,Blue-gray Gnatcatcher
455640171,Blue-gray Gnatcatcher
456317111,Blue-gray Gnatcatcher
474412981,Blue-gray Gnatcatcher
477539841,Blue-gray Gnatcatcher
481172911,Blue-gray Gnatcatcher
481172941,Blue-gray Gnatcatcher
483577951,Blue-gray Gnatcatcher
495714741,Blue-gray Gnatcatcher
512340591,Blue-gray Gnatcatcher
515595791,Blue-gray Gnatcatcher
539096801,Blue-gray Gnatcatcher
539097041,Blue-gray Gnatcatcher
79405,Blue-gray Gnatcatcher (caerulea)
94268,Blue-gray Gnatcatcher (caerulea)
94292,Blue-gray Gnatcatcher (caerulea)
94293,Blue-gray Gnatcatcher (caerulea)
534430,Blue-gray Gnatcatcher (caerulea)
534431,Blue-gray Gnatcatcher (caerulea)
329071681,Blue-gray Gnatcatcher (caerulea)
457758241,Blue-gray Gnatcatcher (caerulea)
457758541,Blue-gray Gnatcatcher (caerulea)
22791,Blue-gray Gnatcatcher (obscura Group)
22794,Blue-gray Gnatcatcher (obscura Group)
49767,Blue-gray Gnatcatcher (obscura Group)
50143,Blue-gray Gnatcatcher (obscura Group)
50217,Blue-gray Gnatcatcher (obscura Group)
223907431,Blue-gray Gnatcatcher (obscura Group)
224194311,Blue-gray Gnatcatcher (obscura Group)
230616961,Blue-gray Gnatcatcher (obscura Group)
417296601,Blue-gray Gnatcatcher (obscura Group)
425193671,Blue-gray Gnatcatcher (obscura Group)
73963,Carolina Chickadee
84816,Carolina Chickadee
84817,Carolina Chickadee
84818,Carolina Chickadee
84819,Carolina Chickadee
84820,Carolina Chickadee
84821,Carolina Chickadee
84822,Carolina Chickadee
94222,Carolina Chickadee
94225,Carolina Chickadee
94226,Carolina Chickadee
100756,Carolina Chickadee
100795,Carolina Chickadee
100796,Carolina Chickadee
100797,Carolina Chickadee
176155,Carolina Chickadee
303496,Carolina Chickadee
539632,Carolina Chickadee
31135361,Carolina Chickadee
46244231,Carolina Chickadee
49547101,Carolina Chickadee
66786031,Carolina Chickadee
77569651,Carolina Chickadee
88661501,Carolina Chickadee
141009841,Carolina Chickadee
146363491,Carolina Chickadee
148882401,Carolina Chickadee
163782411,Carolina Chickadee
164477151,Carolina Chickadee
169976511,Carolina Chickadee
203779871,Carolina Chickadee
209728541,Carolina Chickadee
215019821,Carolina Chickadee
215403551,Carolina Chickadee
219427771,Carolina Chickadee
219605181,Carolina Chickadee
219606681,Carolina Chickadee
226854471,Carolina Chickadee
234159541,Carolina Chickadee
237331411,Carolina Chickadee
239734281,Carolina Chickadee
246970921,Carolina Chickadee
255190241,Carolina Chickadee
260916641,Carolina Chickadee
273444921,Carolina Chickadee
273444941,Carolina Chickadee
285560181,Carolina Chickadee
288168991,Carolina Chickadee
300892251,Carolina Chickadee
301232831,Carolina Chickadee
304848941,Carolina Chickadee
305346621,Carolina Chickadee
311617711,Carolina Chickadee
311630931,Carolina Chickadee
314928191,Carolina Chickadee
317601871,Carolina Chickadee
318238921,Carolina Chickadee
318239031,Carolina Chickadee
319090631,Carolina Chickadee
319437461,Carolina Chickadee
321242921,Carolina Chickadee
321489801,Carolina Chickadee
321818511,Carolina Chickadee
322926851,Carolina Chickadee
323549271,Carolina Chickadee
334588141,Carolina Chickadee
341679111,Carolina Chickadee
341984301,Carolina Chickadee
342256971,Carolina Chickadee
343990601,Carolina Chickadee
344455171,Carolina Chickadee
348647591,Carolina Chickadee
349371761,Carolina Chickadee
352481331,Carolina Chickadee
359788731,Carolina Chickadee
363149351,Carolina Chickadee
363164281,Carolina Chickadee
368302481,Carolina Chickadee
371084121,Carolina Chickadee
371589841,Carolina Chickadee
372358221,Carolina Chickadee
377952441,Carolina Chickadee
381997971,Carolina Chickadee
384152801,Carolina Chickadee
404497631,Carolina Chickadee
411902611,Carolina Chickadee
414936241,Carolina Chickadee
414936431,Carolina Chickadee
425088461,Carolina Chickadee
436483691,Carolina Chickadee
446287211,Carolina Chickadee
519132201,Carolina Chickadee
533344491,Carolina Chickadee
533344531,Carolina Chickadee
533344561,Carolina Chickadee
533672441,Carolina Chickadee
533672481,Carolina Chickadee
535456611,Carolina Chickadee
540541581,Carolina Chickadee
541224851,Carolina Chickadee
9214,Carolina Wren
94253,Carolina Wren
100722,Carolina Wren
107362,Carolina Wren
176170,Carolina Wren
176214,Carolina Wren
176215,Carolina Wren
196481,Carolina Wren
539360,Carolina Wren
539364,Carolina Wren
539579,Carolina Wren
539589,Carolina Wren
539591,Carolina Wren
539593,Carolina Wren
539621,Carolina Wren
539635,Carolina Wren
539641,Carolina Wren
539654,Carolina Wren
539657,Carolina Wren
539709,Carolina Wren
539840,Carolina Wren
539845,Carolina Wren
53913091,Carolina Wren
93260771,Carolina Wren
101566861,Carolina Wren
104946711,Carolina Wren
105574801,Carolina Wren
144272971,Carolina Wren
151950791,Carolina Wren
154910061,Carolina Wren
165464701,Carolina Wren
166107541,Carolina Wren
166376591,Carolina Wren
168749591,Carolina Wren
185122241,Carolina Wren
185992871,Carolina Wren
190201321,Carolina Wren
214304331,Carolina Wren
220578201,Carolina Wren
235380431,Carolina Wren
239325851,Carolina Wren
263414151,Carolina Wren
303057551,Carolina Wren
306406891,Carolina Wren
311159351,Carolina Wren
315882451,Carolina Wren
315882871,Carolina Wren
317948801,Carolina Wren
318241091,Carolina Wren
319774011,Carolina Wren
321033891,Carolina Wren
323189041,Carolina Wren
325816941,Carolina Wren
329333901,Carolina Wren
340514071,Carolina Wren
341238961,Carolina Wren
353772221,Carolina Wren
355779591,Carolina Wren
358516181,Carolina Wren
363470051,Carolina Wren
363891551,Carolina Wren
365159781,Carolina Wren
365502801,Carolina Wren
368920821,Carolina Wren
368920881,Carolina Wren
381124821,Carolina Wren
394587651,Carolina Wren
395410461,Carolina Wren
398844521,Carolina Wren
413287621,Carolina Wren
420198641,Carolina Wren
420713021,Carolina Wren
427488521,Carolina Wren
431798781,Carolina Wren
439073481,Carolina Wren
439085671,Carolina Wren
439085701,Carolina Wren
441785931,Carolina Wren
446284631,Carolina Wren
447023461,Carolina Wren
456178991,Carolina Wren
459109381,Carolina Wren
462117651,Carolina Wren
462223011,Carolina Wren
469873371,Carolina Wren
483175981,Carolina Wren
500475871,Carolina Wren
501676371,Carolina Wren
511103251,Carolina Wren
511173431,Carolina Wren
512715651,Carolina Wren
517480591,Carolina Wren
517952811,Carolina Wren
518548981,Carolina Wren
519374201,Carolina Wren
535148061,Carolina Wren
539304331,Carolina Wren
361071191,Carolina Wren (White-browed)
361071351,Carolina Wren (White-browed)
465708281,Carolina Wren (White-browed)
42226,Clay-colored Sparrow
42229,Clay-colored Sparrow
191139,Clay-colored Sparrow
206428,Clay-colored Sparrow
206431,Clay-colored Sparrow
206432,Clay-colored Sparrow
20043471,Clay-colored Sparrow
31264141,Clay-colored Sparrow
31868571,Clay-colored Sparrow
56986391,Clay-colored Sparrow
58814491,Clay-colored Sparrow
62870081,Clay-colored Sparrow
63327251,Clay-colored Sparrow
99724191,Clay-colored Sparrow
100694691,Clay-colored Sparrow
100888721,Clay-colored Sparrow
103126101,Clay-colored Sparrow
103882291,Clay-colored Sparrow
104094161,Clay-colored Sparrow
165302261,Clay-colored Sparrow
166581341,Clay-colored Sparrow
192355071,Clay-colored Sparrow
231615481,Clay-colored Sparrow
232985221,Clay-colored Sparrow
234719751,Clay-colored Sparrow
236861741,Clay-colored Sparrow
237151221,Clay-colored Sparrow
237201921,Clay-colored Sparrow
239092411,Clay-colored Sparrow
240128331,Clay-colored Sparrow
240570401,Clay-colored Sparrow
241218081,Clay-colored Sparrow
241788711,Clay-colored Sparrow
242115971,Clay-colored Sparrow
243303611,Clay-colored Sparrow
243784131,Clay-colored Sparrow
244397281,Clay-colored Sparrow
244550321,Clay-colored Sparrow
244769481,Clay-colored Sparrow
244907151,Clay-colored Sparrow
245288191,Clay-colored Sparrow
245289641,Clay-colored Sparrow
249211181,Clay-colored Sparrow
250351161,Clay-colored Sparrow
254962091,Clay-colored Sparrow
264843311,Clay-colored Sparrow
264843351,Clay-colored Sparrow
264843461,Clay-colored Sparrow
264844301,Clay-colored Sparrow
264844521,Clay-colored Sparrow
264844691,Clay-colored Sparrow
264844711,Clay-colored Sparrow
264844761,Clay-colored Sparrow
332012411,Clay-colored Sparrow
334593761,Clay-colored Sparrow
338590031,Clay-colored Sparrow
339577991,Clay-colored Sparrow
339677651,Clay-colored Sparrow
339788401,Clay-colored Sparrow
341946341,Clay-colored Sparrow
344448201,Clay-colored Sparrow
344688181,Clay-colored Sparrow
344880301,Clay-colored Sparrow
345640111,Clay-colored Sparrow
346783361,Clay-colored Sparrow
346901391,Clay-colored Sparrow
347182271,Clay-colored Sparrow
349210951,Clay-colored Sparrow
350397931,Clay-colored Sparrow
353937991,Clay-colored Sparrow
357458201,Clay-colored Sparrow
358001851,Clay-colored Sparrow
386273421,Clay-colored Sparrow
405027081,Clay-colored Sparrow
431337371,Clay-colored Sparrow
431345001,Clay-colored Sparrow
438968971,Clay-colored Sparrow
449157161,Clay-colored Sparrow
450675041,Clay-colored Sparrow
452461301,Clay-colored Sparrow
453278001,Clay-colored Sparrow
455874541,Clay-colored Sparrow
456458281,Clay-colored Sparrow
456469891,Clay-colored Sparrow
456674741,Clay-colored Sparrow
456995561,Clay-colored Sparrow
457572821,Clay-colored Sparrow
457572831,Clay-colored Sparrow
457813101,Clay-colored Sparrow
457970411,Clay-colored Sparrow
458341481,Clay-colored Sparrow
461042001,Clay-colored Sparrow
461141001,Clay-colored Sparrow
463495541,Clay-colored Sparrow
464992371,Clay-colored Sparrow
465231161,Clay-colored Sparrow
466539311,Clay-colored Sparrow
466716641,Clay-colored Sparrow
533040181,Clay-colored Sparrow
543049421,Clay-colored Sparrow
9190,Golden-cheeked Warbler
9191,Golden-cheeked Warbler
9192,Golden-cheeked Warbler
9193,Golden-cheeked Warbler
9194,Golden-cheeked Warbler
9195,Golden-cheeked Warbler
9196,Golden-cheeked Warbler
37736,Golden-cheeked Warbler
38337,Golden-cheeked Warbler
38338,Golden-cheeked Warbler
38344,Golden-cheeked Warbler
38347,Golden-cheeked Warbler
40561,Golden-cheeked Warbler
45060,Golden-cheeked Warbler
68956,Golden-cheeked Warbler
68957,Golden-cheeked Warbler
68958,Golden-cheeked Warbler
72755,Golden-cheeked Warbler
72756,Golden-cheeked Warbler
72758,Golden-cheeked Warbler
72760,Golden-cheeked Warbler
72773,Golden-cheeked Warbler
72775,Golden-cheeked Warbler
109300,Golden-cheeked Warbler
109301,Golden-cheeked Warbler
109302,Golden-cheeked Warbler
109303,Golden-cheeked Warbler
109304,Golden-cheeked Warbler
109305,Golden-cheeked Warbler
109306,Golden-cheeked Warbler
109307,Golden-cheeked Warbler
109308,Golden-cheeked Warbler
109309,Golden-cheeked Warbler
109310,Golden-cheeked Warbler
109311,Golden-cheeked Warbler
109312,Golden-cheeked Warbler
109313,Golden-cheeked Warbler
109314,Golden-cheeked Warbler
109315,Golden-cheeked Warbler
109316,Golden-cheeked Warbler
109317,Golden-cheeked Warbler
109318,Golden-cheeked Warbler
109319,Golden-cheeked Warbler
109320,Golden-cheeked Warbler
109321,Golden-cheeked Warbler
109322,Golden-cheeked Warbler
109323,Golden-cheeked Warbler
109324,Golden-cheeked Warbler
109325,Golden-cheeked Warbler
109326,Golden-cheeked Warbler
109327,Golden-cheeked Warbler
109328,Golden-cheeked Warbler
109329,Golden-cheeked Warbler
109330,Golden-cheeked Warbler
109331,Golden-cheeked Warbler
109332,Golden-cheeked Warbler
109333,Golden-cheeked Warbler
109334,Golden-cheeked Warbler
109335,Golden-cheeked Warbler
109336,Golden-cheeked Warbler
109337,Golden-cheeked Warbler
109338,Golden-cheeked Warbler
109339,Golden-cheeked Warbler
109340,Golden-cheeked Warbler
109341,Golden-cheeked Warbler
109342,Golden-cheeked Warbler
109343,Golden-cheeked Warbler
109344,Golden-cheeked Warbler
109345,Golden-cheeked Warbler
109346,Golden-cheeked Warbler
109347,Golden-cheeked Warbler
109348,Golden-cheeked Warbler
109349,Golden-cheeked Warbler
109350,Golden-cheeked Warbler
109351,Golden-cheeked Warbler
109352,Golden-cheeked Warbler
109353,Golden-cheeked Warbler
109354,Golden-cheeked Warbler
109355,Golden-cheeked Warbler
109356,Golden-cheeked Warbler
109357,Golden-cheeked Warbler
109358,Golden-cheeked Warbler
109359,Golden-cheeked Warbler
109360,Golden-cheeked Warbler
109361,Golden-cheeked Warbler
109362,Golden-cheeked Warbler
109363,Golden-cheeked Warbler
109364,Golden-cheeked Warbler
109365,Golden-cheeked Warbler
109366,Golden-cheeked Warbler
109367,Golden-cheeked Warbler
109368,Golden-cheeked Warbler
109369,Golden-cheeked Warbler
109370,Golden-cheeked Warbler
109371,Golden-cheeked Warbler
109372,Golden-cheeked Warbler
109373,Golden-cheeked Warbler
109374,Golden-cheeked Warbler
109375,Golden-cheeked Warbler
109376,Golden-cheeked Warbler
109377,Golden-cheeked Warbler
109378,Golden-cheeked Warbler
109379,Golden-cheeked Warbler
109380,Golden-cheeked Warbler
109381,Golden-cheeked Warbler
109382,Golden-cheeked Warbler
109383,Golden-cheeked Warbler
109384,Golden-cheeked Warbler
109385,Golden-cheeked Warbler
109386,Golden-cheeked Warbler
109387,Golden-cheeked Warbler
109388,Golden-cheeked Warbler
109389,Golden-cheeked Warbler
109390,Golden-cheeked Warbler
109391,Golden-cheeked Warbler
109392,Golden-cheeked Warbler
109393,Golden-cheeked Warbler
109394,Golden-cheeked Warbler
109395,Golden-cheeked Warbler
109396,Golden-cheeked Warbler
109397,Golden-cheeked Warbler
109398,Golden-cheeked Warbler
109399,Golden-cheeked Warbler
109400,Golden-cheeked Warbler
109401,Golden-cheeked Warbler
109402,Golden-cheeked Warbler
109403,Golden-cheeked Warbler
109404,Golden-cheeked Warbler
109405,Golden-cheeked Warbler
109406,Golden-cheeked Warbler
109407,Golden-cheeked Warbler
109408,Golden-cheeked Warbler
109409,Golden-cheeked Warbler
109410,Golden-cheeked Warbler
109411,Golden-cheeked Warbler
109412,Golden-cheeked Warbler
109413,Golden-cheeked Warbler
109414,Golden-cheeked Warbler
109415,Golden-cheeked Warbler
109416,Golden-cheeked Warbler
109417,Golden-cheeked Warbler
109418,Golden-cheeked Warbler
109419,Golden-cheeked Warbler
109420,Golden-cheeked Warbler
109421,Golden-cheeked Warbler
109422,Golden-cheeked Warbler
109423,Golden-cheeked Warbler
109424,Golden-cheeked Warbler
109425,Golden-cheeked Warbler
109426,Golden-cheeked Warbler
109427,Golden-cheeked Warbler
109428,Golden-cheeked Warbler
109429,Golden-cheeked Warbler
109430,Golden-cheeked Warbler
109431,Golden-cheeked Warbler
109432,Golden-cheeked Warbler
109433,Golden-cheeked Warbler
109434,Golden-cheeked Warbler
109435,Golden-cheeked Warbler
109436,Golden-cheeked Warbler
109437,Golden-cheeked Warbler
109438,Golden-cheeked Warbler
109439,Golden-cheeked Warbler
109440,Golden-cheeked Warbler
109441,Golden-cheeked Warbler
109442,Golden-cheeked Warbler
109443,Golden-cheeked Warbler
109444,Golden-cheeked Warbler
109445,Golden-cheeked Warbler
109446,Golden-cheeked Warbler
109447,Golden-cheeked Warbler
109448,Golden-cheeked Warbler
109449,Golden-cheeked Warbler
109450,Golden-cheeked Warbler
109451,Golden-cheeked Warbler
109452,Golden-cheeked Warbler
109453,Golden-cheeked Warbler
109454,Golden-cheeked Warbler
109455,Golden-cheeked Warbler
109456,Golden-cheeked Warbler
109457,Golden-cheeked Warbler
109458,Golden-cheeked Warbler
109459,Golden-cheeked Warbler
109460,Golden-cheeked Warbler
109461,Golden-cheeked Warbler
109462,Golden-cheeked Warbler
109463,Golden-cheeked Warbler
109464,Golden-cheeked Warbler
109465,Golden-cheeked Warbler
109466,Golden-cheeked Warbler
109467,Golden-cheeked Warbler
109468,Golden-cheeked Warbler
109469,Golden-cheeked Warbler
109470,Golden-cheeked Warbler
109471,Golden-cheeked Warbler
109472,Golden-cheeked Warbler
109473,Golden-cheeked Warbler
109474,Golden-cheeked Warbler
109475,Golden-cheeked Warbler
109476,Golden-cheeked Warbler
109477,Golden-cheeked Warbler
109478,Golden-cheeked Warbler
109479,Golden-cheeked Warbler
109480,Golden-cheeked Warbler
109481,Golden-cheeked Warbler
109482,Golden-cheeked Warbler
109483,Golden-cheeked Warbler
109484,Golden-cheeked Warbler
109485,Golden-cheeked Warbler
109486,Golden-cheeked Warbler
109487,Golden-cheeked Warbler
109488,Golden-cheeked Warbler
109489,Golden-cheeked Warbler
109490,Golden-cheeked Warbler
109491,Golden-cheeked Warbler
109492,Golden-cheeked Warbler
109493,Golden-cheeked Warbler
109494,Golden-cheeked Warbler
109495,Golden-cheeked Warbler
109496,Golden-cheeked Warbler
109497,Golden-cheeked Warbler
109498,Golden-cheeked Warbler
109499,Golden-cheeked Warbler
109500,Golden-cheeked Warbler
109501,Golden-cheeked Warbler
109502,Golden-cheeked Warbler
109503,Golden-cheeked Warbler
109504,Golden-cheeked Warbler
109505,Golden-cheeked Warbler
109506,Golden-cheeked Warbler
109507,Golden-cheeked Warbler
109508,Golden-cheeked Warbler
109509,Golden-cheeked Warbler
109510,Golden-cheeked Warbler
109511,Golden-cheeked Warbler
109512,Golden-cheeked Warbler
109513,Golden-cheeked Warbler
109514,Golden-cheeked Warbler
109516,Golden-cheeked Warbler
109517,Golden-cheeked Warbler
109518,Golden-cheeked Warbler
109519,Golden-cheeked Warbler
109520,Golden-cheeked Warbler
109521,Golden-cheeked Warbler
109522,Golden-cheeked Warbler
109523,Golden-cheeked Warbler
109524,Golden-cheeked Warbler
109525,Golden-cheeked Warbler
109526,Golden-cheeked Warbler
109527,Golden-cheeked Warbler
109528,Golden-cheeked Warbler
109529,Golden-cheeked Warbler
109530,Golden-cheeked Warbler
109531,Golden-cheeked Warbler
109532,Golden-cheeked Warbler
109533,Golden-cheeked Warbler
109534,Golden-cheeked Warbler
109535,Golden-cheeked Warbler
109536,Golden-cheeked Warbler
109537,Golden-cheeked Warbler
109538,Golden-cheeked Warbler
109539,Golden-cheeked Warbler
109540,Golden-cheeked Warbler
109541,Golden-cheeked Warbler
109542,Golden-cheeked Warbler
109543,Golden-cheeked Warbler
109544,Golden-cheeked Warbler
109545,Golden-cheeked Warbler
109546,Golden-cheeked Warbler
109547,Golden-cheeked Warbler
109548,Golden-cheeked Warbler
109549,Golden-cheeked Warbler
109550,Golden-cheeked Warbler
109551,Golden-cheeked Warbler
109552,Golden-cheeked Warbler
109553,Golden-cheeked Warbler
109554,Golden-cheeked Warbler
109555,Golden-cheeked Warbler
109556,Golden-cheeked Warbler
109557,Golden-cheeked Warbler
109558,Golden-cheeked Warbler
109559,Golden-cheeked Warbler
109560,Golden-cheeked Warbler
109561,Golden-cheeked Warbler
109562,Golden-cheeked Warbler
109563,Golden-cheeked Warbler
109564,Golden-cheeked Warbler
109565,Golden-cheeked Warbler
109566,Golden-cheeked Warbler
109567,Golden-cheeked Warbler
109568,Golden-cheeked Warbler
109569,Golden-cheeked Warbler
109570,Golden-cheeked Warbler
109571,Golden-cheeked Warbler
109572,Golden-cheeked Warbler
109573,Golden-cheeked Warbler
109574,Golden-cheeked Warbler
109575,Golden-cheeked Warbler
109576,Golden-cheeked Warbler
109577,Golden-cheeked Warbler
109578,Golden-cheeked Warbler
109579,Golden-cheeked Warbler
109580,Golden-cheeked Warbler
109581,Golden-cheeked Warbler
109582,Golden-cheeked Warbler
109583,Golden-cheeked Warbler
109584,Golden-cheeked Warbler
109585,Golden-cheeked Warbler
109586,Golden-cheeked Warbler
109587,Golden-cheeked Warbler
109588,Golden-cheeked Warbler
109589,Golden-cheeked Warbler
109590,Golden-cheeked Warbler
109591,Golden-cheeked Warbler
109592,Golden-cheeked Warbler
109593,Golden-cheeked Warbler
109594,Golden-cheeked Warbler
109595,Golden-cheeked Warbler
109596,Golden-cheeked Warbler
109597,Golden-cheeked Warbler
109598,Golden-cheeked Warbler
109599,Golden-cheeked Warbler
109600,Golden-cheeked Warbler
109601,Golden-cheeked Warbler
109602,Golden-cheeked Warbler
109603,Golden-cheeked Warbler
109604,Golden-cheeked Warbler
109605,Golden-cheeked Warbler
109606,Golden-cheeked Warbler
109607,Golden-cheeked Warbler
109608,Golden-cheeked Warbler
109609,Golden-cheeked Warbler
109610,Golden-cheeked Warbler
109611,Golden-cheeked Warbler
109612,Golden-cheeked Warbler
109613,Golden-cheeked Warbler
109614,Golden-cheeked Warbler
109615,Golden-cheeked Warbler
109616,Golden-cheeked Warbler
109617,Golden-cheeked Warbler
109618,Golden-cheeked Warbler
109619,Golden-cheeked Warbler
109620,Golden-cheeked Warbler
109621,Golden-cheeked Warbler
109622,Golden-cheeked Warbler
109623,Golden-cheeked Warbler
109624,Golden-cheeked Warbler
109625,Golden-cheeked Warbler
109626,Golden-cheeked Warbler
109627,Golden-cheeked Warbler
109628,Golden-cheeked Warbler
109629,Golden-cheeked Warbler
109630,Golden-cheeked Warbler
109631,Golden-cheeked Warbler
109632,Golden-cheeked Warbler
109633,Golden-cheeked Warbler
109634,Golden-cheeked Warbler
109635,Golden-cheeked Warbler
109636,Golden-cheeked Warbler
109637,Golden-cheeked Warbler
109638,Golden-cheeked Warbler
109639,Golden-cheeked Warbler
109640,Golden-cheeked Warbler
109641,Golden-cheeked Warbler
109642,Golden-cheeked Warbler
109643,Golden-cheeked Warbler
109644,Golden-cheeked Warbler
109645,Golden-cheeked Warbler
109646,Golden-cheeked Warbler
109647,Golden-cheeked Warbler
109648,Golden-cheeked Warbler
109649,Golden-cheeked Warbler
109650,Golden-cheeked Warbler
109651,Golden-cheeked Warbler
109652,Golden-cheeked Warbler
109653,Golden-cheeked Warbler
109654,Golden-cheeked Warbler
109655,Golden-cheeked Warbler
109656,Golden-cheeked Warbler
109657,Golden-cheeked Warbler
109658,Golden-cheeked Warbler
109659,Golden-cheeked Warbler
109660,Golden-cheeked Warbler
109661,Golden-cheeked Warbler
109662,Golden-cheeked Warbler
109663,Golden-cheeked Warbler
109664,Golden-cheeked Warbler
109665,Golden-cheeked Warbler
109666,Golden-cheeked Warbler
109667,Golden-cheeked Warbler
109668,Golden-cheeked Warbler
109669,Golden-cheeked Warbler
109670,Golden-cheeked Warbler
109671,Golden-cheeked Warbler
109673,Golden-cheeked Warbler
109674,Golden-cheeked Warbler
109675,Golden-cheeked Warbler
109676,Golden-cheeked Warbler
109677,Golden-cheeked Warbler
109678,Golden-cheeked Warbler
109679,Golden-cheeked Warbler
109680,Golden-cheeked Warbler
109681,Golden-cheeked Warbler
109682,Golden-cheeked Warbler
109683,Golden-cheeked Warbler
109684,Golden-cheeked Warbler
109685,Golden-cheeked Warbler
109686,Golden-cheeked Warbler
109687,Golden-cheeked Warbler
109688,Golden-cheeked Warbler
109689,Golden-cheeked Warbler
109690,Golden-cheeked Warbler
109691,Golden-cheeked Warbler
109692,Golden-cheeked Warbler
109693,Golden-cheeked Warbler
109694,Golden-cheeked Warbler
109695,Golden-cheeked Warbler
109696,Golden-cheeked Warbler
109697,Golden-cheeked Warbler
109698,Golden-cheeked Warbler
109699,Golden-cheeked Warbler
109700,Golden-cheeked Warbler
109701,Golden-cheeked Warbler
109702,Golden-cheeked Warbler
109703,Golden-cheeked Warbler
109704,Golden-cheeked Warbler
109705,Golden-cheeked Warbler
109706,Golden-cheeked Warbler
109707,Golden-cheeked Warbler
109709,Golden-cheeked Warbler
109710,Golden-cheeked Warbler
109711,Golden-cheeked Warbler
109713,Golden-cheeked Warbler
109714,Golden-cheeked Warbler
109715,Golden-cheeked Warbler
109716,Golden-cheeked Warbler
109717,Golden-cheeked Warbler
109718,Golden-cheeked Warbler
109719,Golden-cheeked Warbler
109720,Golden-cheeked Warbler
109721,Golden-cheeked Warbler
109722,Golden-cheeked Warbler
109723,Golden-cheeked Warbler
109724,Golden-cheeked Warbler
109725,Golden-cheeked Warbler
109726,Golden-cheeked Warbler
109727,Golden-cheeked Warbler
109728,Golden-cheeked Warbler
109729,Golden-cheeked Warbler
109730,Golden-cheeked Warbler
109731,Golden-cheeked Warbler
109732,Golden-cheeked Warbler
109733,Golden-cheeked Warbler
109734,Golden-cheeked Warbler
109735,Golden-cheeked Warbler
109736,Golden-cheeked Warbler
109737,Golden-cheeked Warbler
109738,Golden-cheeked Warbler
109739,Golden-cheeked Warbler
109740,Golden-cheeked Warbler
109741,Golden-cheeked Warbler
109742,Golden-cheeked Warbler
109743,Golden-cheeked Warbler
109744,Golden-cheeked Warbler
109745,Golden-cheeked Warbler
109746,Golden-cheeked Warbler
109747,Golden-cheeked Warbler
109748,Golden-cheeked Warbler
109749,Golden-cheeked Warbler
109750,Golden-cheeked Warbler
109751,Golden-cheeked Warbler
109752,Golden-cheeked Warbler
109753,Golden-cheeked Warbler
109754,Golden-cheeked Warbler
109755,Golden-cheeked Warbler
109756,Golden-cheeked Warbler
109757,Golden-cheeked Warbler
109758,Golden-cheeked Warbler
109759,Golden-cheeked Warbler
109760,Golden-cheeked Warbler
109761,Golden-cheeked Warbler
109762,Golden-cheeked Warbler
109763,Golden-cheeked Warbler
109764,Golden-cheeked Warbler
109765,Golden-cheeked Warbler
109766,Golden-cheeked Warbler
109767,Golden-cheeked Warbler
109768,Golden-cheeked Warbler
109769,Golden-cheeked Warbler
109770,Golden-cheeked Warbler
109771,Golden-cheeked Warbler
109772,Golden-cheeked Warbler
109773,Golden-cheeked Warbler
109774,Golden-cheeked Warbler
109775,Golden-cheeked Warbler
109776,Golden-cheeked Warbler
109777,Golden-cheeked Warbler
109778,Golden-cheeked Warbler
109779,Golden-cheeked Warbler
109780,Golden-cheeked Warbler
109781,Golden-cheeked Warbler
109782,Golden-cheeked Warbler
109783,Golden-cheeked Warbler
109784,Golden-cheeked Warbler
109785,Golden-cheeked Warbler
109786,Golden-cheeked Warbler
109787,Golden-cheeked Warbler
109788,Golden-cheeked Warbler
109789,Golden-cheeked Warbler
109790,Golden-cheeked Warbler
109791,Golden-cheeked Warbler
109792,Golden-cheeked Warbler
109793,Golden-cheeked Warbler
109794,Golden-cheeked Warbler
109795,Golden-cheeked Warbler
109796,Golden-cheeked Warbler
109797,Golden-cheeked Warbler
109798,Golden-cheeked Warbler
109800,Golden-cheeked Warbler
109801,Golden-cheeked Warbler
109802,Golden-cheeked Warbler
109803,Golden-cheeked Warbler
109804,Golden-cheeked Warbler
109805,Golden-cheeked Warbler
109806,Golden-cheeked Warbler
109807,Golden-cheeked Warbler
109808,Golden-cheeked Warbler
109809,Golden-cheeked Warbler
109810,Golden-cheeked Warbler
109811,Golden-cheeked Warbler
109812,Golden-cheeked Warbler
109813,Golden-cheeked Warbler
109814,Golden-cheeked Warbler
109815,Golden-cheeked Warbler
109816,Golden-cheeked Warbler
109817,Golden-cheeked Warbler
109818,Golden-cheeked Warbler
109819,Golden-cheeked Warbler
109820,Golden-cheeked Warbler
109821,Golden-cheeked Warbler
109822,Golden-cheeked Warbler
109823,Golden-cheeked Warbler
109824,Golden-cheeked Warbler
109825,Golden-cheeked Warbler
109826,Golden-cheeked Warbler
109827,Golden-cheeked Warbler
109828,Golden-cheeked Warbler
109829,Golden-cheeked Warbler
109830,Golden-cheeked Warbler
109831,Golden-cheeked Warbler
109832,Golden-cheeked Warbler
109833,Golden-cheeked Warbler
109834,Golden-cheeked Warbler
109835,Golden-cheeked Warbler
109836,Golden-cheeked Warbler
109837,Golden-cheeked Warbler
109838,Golden-cheeked Warbler
109839,Golden-cheeked Warbler
109840,Golden-cheeked Warbler
109841,Golden-cheeked Warbler
109842,Golden-cheeked Warbler
109843,Golden-cheeked Warbler
109844,Golden-cheeked Warbler
109845,Golden-cheeked Warbler
109846,Golden-cheeked Warbler
109847,Golden-cheeked Warbler
109848,Golden-cheeked Warbler
109849,Golden-cheeked Warbler
109850,Golden-cheeked Warbler
109851,Golden-cheeked Warbler
109852,Golden-cheeked Warbler
109853,Golden-cheeked Warbler
109854,Golden-cheeked Warbler
109855,Golden-cheeked Warbler
109856,Golden-cheeked Warbler
109857,Golden-cheeked Warbler
109858,Golden-cheeked Warbler
109859,Golden-cheeked Warbler
109860,Golden-cheeked Warbler
109861,Golden-cheeked Warbler
109862,Golden-cheeked Warbler
109863,Golden-cheeked Warbler
109864,Golden-cheeked Warbler
109865,Golden-cheeked Warbler
109866,Golden-cheeked Warbler
109867,Golden-cheeked Warbler
109868,Golden-cheeked Warbler
109869,Golden-cheeked Warbler
109870,Golden-cheeked Warbler
109871,Golden-cheeked Warbler
109872,Golden-cheeked Warbler
109873,Golden-cheeked Warbler
109874,Golden-cheeked Warbler
109875,Golden-cheeked Warbler
109876,Golden-cheeked Warbler
109877,Golden-cheeked Warbler
109878,Golden-cheeked Warbler
109880,Golden-cheeked Warbler
109881,Golden-cheeked Warbler
109882,Golden-cheeked Warbler
109883,Golden-cheeked Warbler
109884,Golden-cheeked Warbler
109885,Golden-cheeked Warbler
109886,Golden-cheeked Warbler
109887,Golden-cheeked Warbler
109888,Golden-cheeked Warbler
109889,Golden-cheeked Warbler
109890,Golden-cheeked Warbler
109891,Golden-cheeked Warbler
109892,Golden-cheeked Warbler
109893,Golden-cheeked Warbler
109894,Golden-cheeked Warbler
109895,Golden-cheeked Warbler
109896,Golden-cheeked Warbler
109897,Golden-cheeked Warbler
109898,Golden-cheeked Warbler
109899,Golden-cheeked Warbler
110100,Golden-cheeked Warbler
110101,Golden-cheeked Warbler
110102,Golden-cheeked Warbler
110103,Golden-cheeked Warbler
110104,Golden-cheeked Warbler
110105,Golden-cheeked Warbler
110106,Golden-cheeked Warbler
110107,Golden-cheeked Warbler
110108,Golden-cheeked Warbler
110109,Golden-cheeked Warbler
110110,Golden-cheeked Warbler
110111,Golden-cheeked Warbler
110112,Golden-cheeked Warbler
110113,Golden-cheeked Warbler
110114,Golden-cheeked Warbler
110115,Golden-cheeked Warbler
110116,Golden-cheeked Warbler
110117,Golden-cheeked Warbler
110118,Golden-cheeked Warbler
110119,Golden-cheeked Warbler
110120,Golden-cheeked Warbler
110121,Golden-cheeked Warbler
110122,Golden-cheeked Warbler
110123,Golden-cheeked Warbler
110124,Golden-cheeked Warbler
110125,Golden-cheeked Warbler
110126,Golden-cheeked Warbler
110127,Golden-cheeked Warbler
110128,Golden-cheeked Warbler
110129,Golden-cheeked Warbler
110130,Golden-cheeked Warbler
110131,Golden-cheeked Warbler
110132,Golden-cheeked Warbler
110133,Golden-cheeked Warbler
110134,Golden-cheeked Warbler
110135,Golden-cheeked Warbler
110136,Golden-cheeked Warbler
110137,Golden-cheeked Warbler
110138,Golden-cheeked Warbler
141112,Golden-cheeked Warbler
141124,Golden-cheeked Warbler
141126,Golden-cheeked Warbler
141127,Golden-cheeked Warbler
141131,Golden-cheeked Warbler
187041,Golden-cheeked Warbler
188203,Golden-cheeked Warbler
189219,Golden-cheeked Warbler
189220,Golden-cheeked Warbler
189221,Golden-cheeked Warbler
189222,Golden-cheeked Warbler
189230,Golden-cheeked Warbler
189231,Golden-cheeked Warbler
189232,Golden-cheeked Warbler
189233,Golden-cheeked Warbler
189234,Golden-cheeked Warbler
189235,Golden-cheeked Warbler
189236,Golden-cheeked Warbler
189248,Golden-cheeked Warbler
215890,Golden-cheeked Warbler
215892,Golden-cheeked Warbler
25902041,Golden-cheeked Warbler
26916731,Golden-cheeked Warbler
28793181,Golden-cheeked Warbler
50264421,Golden-cheeked Warbler
51695481,Golden-cheeked Warbler
51764061,Golden-cheeked Warbler
52033531,Golden-cheeked Warbler
52201521,Golden-cheeked Warbler
52282571,Golden-cheeked Warbler
52403391,Golden-cheeked Warbler
52475461,Golden-cheeked Warbler
52475561,Golden-cheeked Warbler
52475641,Golden-cheeked Warbler
52656171,Golden-cheeked Warbler
52658911,Golden-cheeked Warbler
55192511,Golden-cheeked Warbler
55859551,Golden-cheeked Warbler
58180781,Golden-cheeked Warbler
89145841,Golden-cheeked Warbler
90122501,Golden-cheeked Warbler
90523181,Golden-cheeked Warbler
91555151,Golden-cheeked Warbler
91682401,Golden-cheeked Warbler
92627251,Golden-cheeked Warbler
93487271,Golden-cheeked Warbler
93487281,Golden-cheeked Warbler
93636031,Golden-cheeked Warbler
93636111,Golden-cheeked Warbler
93886441,Golden-cheeked Warbler
94127351,Golden-cheeked Warbler
94127361,Golden-cheeked Warbler
94888851,Golden-cheeked Warbler
94890631,Golden-cheeked Warbler
96352141,Golden-cheeked Warbler
97797461,Golden-cheeked Warbler
100890381,Golden-cheeked Warbler
101412301,Golden-cheeked Warbler
105351321,Golden-cheeked Warbler
107247081,Golden-cheeked Warbler
109152881,Golden-cheeked Warbler
112505921,Golden-cheeked Warbler
112509101,Golden-cheeked Warbler
144167551,Golden-cheeked Warbler
144168361,Golden-cheeked Warbler
144174151,Golden-cheeked Warbler
144175731,Golden-cheeked Warbler
144928401,Golden-cheeked Warbler
144928531,Golden-cheeked Warbler
145268331,Golden-cheeked Warbler
147067561,Golden-cheeked Warbler
147067591,Golden-cheeked Warbler
147140681,Golden-cheeked Warbler
147140891,Golden-cheeked Warbler
147465591,Golden-cheeked Warbler
147499401,Golden-cheeked Warbler
147505221,Golden-cheeked Warbler
147505671,Golden-cheeked Warbler
147883751,Golden-cheeked Warbler
148082981,Golden-cheeked Warbler
148539161,Golden-cheeked Warbler
148686361,Golden-cheeked Warbler
148901151,Golden-cheeked Warbler
148939551,Golden-cheeked Warbler
149231271,Golden-cheeked Warbler
149540241,Golden-cheeked Warbler
149651061,Golden-cheeked Warbler
149761431,Golden-cheeked Warbler
149761951,Golden-cheeked Warbler
150298561,Golden-cheeked Warbler
150780061,Golden-cheeked Warbler
151066991,Golden-cheeked Warbler
151067321,Golden-cheeked Warbler
151102471,Golden-cheeked Warbler
151132141,Golden-cheeked Warbler
151147651,Golden-cheeked Warbler
151197341,Golden-cheeked Warbler
151215411,Golden-cheeked Warbler
152317501,Golden-cheeked Warbler
152541591,Golden-cheeked Warbler
152990661,Golden-cheeked Warbler
152991561,Golden-cheeked Warbler
152992551,Golden-cheeked Warbler
153596731,Golden-cheeked Warbler
154280531,Golden-cheeked Warbler
154464431,Golden-cheeked Warbler
154832081,Golden-cheeked Warbler
155805341,Golden-cheeked Warbler
157547981,Golden-cheeked Warbler
158278581,Golden-cheeked Warbler
158872231,Golden-cheeked Warbler
159368971,Golden-cheeked Warbler
160175291,Golden-cheeked Warbler
160176461,Golden-cheeked Warbler
162360001,Golden-cheeked Warbler
162360441,Golden-cheeked Warbler
163926921,Golden-cheeked Warbler
166014651,Golden-cheeked Warbler
166988911,Golden-cheeked Warbler
168783501,Golden-cheeked Warbler
169545671,Golden-cheeked Warbler
169777441,Golden-cheeked Warbler
169777751,Golden-cheeked Warbler
170595921,Golden-cheeked Warbler
170721071,Golden-cheeked Warbler
171600021,Golden-cheeked Warbler
171601421,Golden-cheeked Warbler
173307781,Golden-cheeked Warbler
177653711,Golden-cheeked Warbler
191025721,Golden-cheeked Warbler
214823511,Golden-cheeked Warbler
215631631,Golden-cheeked Warbler
215631691,Golden-cheeked Warbler
215631721,Golden-cheeked Warbler
215689531,Golden-cheeked Warbler
216577431,Golden-cheeked Warbler
216901961,Golden-cheeked Warbler
218223851,Golden-cheeked Warbler
218447721,Golden-cheeked Warbler
218767321,Golden-cheeked Warbler
219578891,Golden-cheeked Warbler
219832021,Golden-cheeked Warbler
220293821,Golden-cheeked Warbler
221042551,Golden-cheeked Warbler
222108801,Golden-cheeked Warbler
223498231,Golden-cheeked Warbler
223573321,Golden-cheeked Warbler
223573421,Golden-cheeked Warbler
224552781,Golden-cheeked Warbler
224552821,Golden-cheeked Warbler
224858821,Golden-cheeked Warbler
224864261,Golden-cheeked Warbler
226579121,Golden-cheeked Warbler
229081061,Golden-cheeked Warbler
229081141,Golden-cheeked Warbler
229081151,Golden-cheeked Warbler
237317311,Golden-cheeked Warbler
246287481,Golden-cheeked Warbler
246287531,Golden-cheeked Warbler
246287571,Golden-cheeked Warbler
252258631,Golden-cheeked Warbler
252264341,Golden-cheeked Warbler
259744481,Golden-cheeked Warbler
282850561,Golden-cheeked Warbler
282852161,Golden-cheeked Warbler
282852571,Golden-cheeked Warbler
288591161,Golden-cheeked Warbler
292803871,Golden-cheeked Warbler
297914471,Golden-cheeked Warbler
301215621,Golden-cheeked Warbler
301243251,Golden-cheeked Warbler
302069411,Golden-cheeked Warbler
302073141,Golden-cheeked Warbler
304453661,Golden-cheeked Warbler
305840841,Golden-cheeked Warbler
317010411,Golden-cheeked Warbler
317010511,Golden-cheeked Warbler
317531231,Golden-cheeked Warbler
317803081,Golden-cheeked Warbler
317828281,Golden-cheeked Warbler
319028891,Golden-cheeked Warbler
319073971,Golden-cheeked Warbler
319074161,Golden-cheeked Warbler
319074691,Golden-cheeked Warbler
320358631,Golden-cheeked Warbler
321334321,Golden-cheeked Warbler
321336011,Golden-cheeked Warbler
321336701,Golden-cheeked Warbler
321345041,Golden-cheeked Warbler
321439471,Golden-cheeked Warbler
321439481,Golden-cheeked Warbler
321439491,Golden-cheeked Warbler
321866531,Golden-cheeked Warbler
322902761,Golden-cheeked Warbler
323719271,Golden-cheeked Warbler
323842541,Golden-cheeked Warbler
325559321,Golden-cheeked Warbler
326296721,Golden-cheeked Warbler
326296861,Golden-cheeked Warbler
326896891,Golden-cheeked Warbler
327667021,Golden-cheeked Warbler
330705521,Golden-cheeked Warbler
330707321,Golden-cheeked Warbler
331361581,Golden-cheeked Warbler
331362251,Golden-cheeked Warbler
331375391,Golden-cheeked Warbler
331761751,Golden-cheeked Warbler
332685351,Golden-cheeked Warbler
334289271,Golden-cheeked Warbler
338036301,Golden-cheeked Warbler
338036311,Golden-cheeked Warbler
341314491,Golden-cheeked Warbler
341386891,Golden-cheeked Warbler
341789711,Golden-cheeked Warbler
341789741,Golden-cheeked Warbler
343479391,Golden-cheeked Warbler
344328991,Golden-cheeked Warbler
345885811,Golden-cheeked Warbler
354969531,Golden-cheeked Warbler
354969541,Golden-cheeked Warbler
408621241,Golden-cheeked Warbler
408627911,Golden-cheeked Warbler
408808831,Golden-cheeked Warbler
408809531,Golden-cheeked Warbler
408816341,Golden-cheeked Warbler
408822221,Golden-cheeked Warbler
408824701,Golden-cheeked Warbler
408829771,Golden-cheeked Warbler
408831701,Golden-cheeked Warbler
411664811,Golden-cheeked Warbler
426778121,Golden-cheeked Warbler
426778601,Golden-cheeked Warbler
426913531,Golden-cheeked Warbler
427028161,Golden-cheeked Warbler
427298371,Golden-cheeked Warbler
427544301,Golden-cheeked Warbler
427622431,Golden-cheeked Warbler
427938351,Golden-cheeked Warbler
427948181,Golden-cheeked Warbler
427968901,Golden-cheeked Warbler
428211461,Golden-cheeked Warbler
428212461,Golden-cheeked Warbler
428212531,Golden-cheeked Warbler
428383051,Golden-cheeked Warbler
428923631,Golden-cheeked Warbler
429346641,Golden-cheeked Warbler
429603631,Golden-cheeked Warbler
429603661,Golden-cheeked Warbler
429635031,Golden-cheeked Warbler
429952501,Golden-cheeked Warbler
430107951,Golden-cheeked Warbler
430494171,Golden-cheeked Warbler
430494291,Golden-cheeked Warbler
430713771,Golden-cheeked Warbler
430936681,Golden-cheeked Warbler
431274941,Golden-cheeked Warbler
431275011,Golden-cheeked Warbler
431779851,Golden-cheeked Warbler
431790731,Golden-cheeked Warbler
431790761,Golden-cheeked Warbler
431790771,Golden-cheeked Warbler
431801081,Golden-cheeked Warbler
432079141,Golden-cheeked Warbler
432154231,Golden-cheeked Warbler
432382251,Golden-cheeked Warbler
432433621,Golden-cheeked Warbler
433642331,Golden-cheeked Warbler
433644661,Golden-cheeked Warbler
434059011,Golden-cheeked Warbler
434272291,Golden-cheeked Warbler
434476841,Golden-cheeked Warbler
435394741,Golden-cheeked Warbler
435494541,Golden-cheeked Warbler
435495781,Golden-cheeked Warbler
436755921,Golden-cheeked Warbler
437004741,Golden-cheeked Warbler
437183891,Golden-cheeked Warbler
437183901,Golden-cheeked Warbler
438402101,Golden-cheeked Warbler
439172351,Golden-cheeked Warbler
439175191,Golden-cheeked Warbler
439474481,Golden-cheeked Warbler
440188081,Golden-cheeked Warbler
440188511,Golden-cheeked Warbler
440190111,Golden-cheeked Warbler
440692121,Golden-cheeked Warbler
440692171,Golden-cheeked Warbler
441589881,Golden-cheeked Warbler
441589891,Golden-cheeked Warbler
441589901,Golden-cheeked Warbler
441684591,Golden-cheeked Warbler
441967101,Golden-cheeked Warbler
441976291,Golden-cheeked Warbler
443157051,Golden-cheeked Warbler
443224381,Golden-cheeked Warbler
443336811,Golden-cheeked Warbler
443735511,Golden-cheeked Warbler
443812341,Golden-cheeked Warbler
444626721,Golden-cheeked Warbler
444802301,Golden-cheeked Warbler
445050261,Golden-cheeked Warbler
445051721,Golden-cheeked Warbler
447433221,Golden-cheeked Warbler
447664391,Golden-cheeked Warbler
447840811,Golden-cheeked Warbler
450490601,Golden-cheeked Warbler
450947691,Golden-cheeked Warbler
451279421,Golden-cheeked Warbler
451287211,Golden-cheeked Warbler
451538871,Golden-cheeked Warbler
451565201,Golden-cheeked Warbler
451608301,Golden-cheeked Warbler
451612651,Golden-cheeked Warbler
451613821,Golden-cheeked Warbler
451615371,Golden-cheeked Warbler
451617211,Golden-cheeked Warbler
451618191,Golden-cheeked Warbler
451639481,Golden-cheeked Warbler
451640671,Golden-cheeked Warbler
451641451,Golden-cheeked Warbler
451642181,Golden-cheeked Warbler
451678871,Golden-cheeked Warbler
451925001,Golden-cheeked Warbler
453086221,Golden-cheeked Warbler
454108911,Golden-cheeked Warbler
454115091,Golden-cheeked Warbler
455396521,Golden-cheeked Warbler
456183181,Golden-cheeked Warbler
456717931,Golden-cheeked Warbler
457085151,Golden-cheeked Warbler
457085181,Golden-cheeked Warbler
457085201,Golden-cheeked Warbler
457199871,Golden-cheeked Warbler
459534241,Golden-cheeked Warbler
460037971,Golden-cheeked Warbler
465125151,Golden-cheeked Warbler
466432781,Golden-cheeked Warbler
467914681,Golden-cheeked Warbler
468441181,Golden-cheeked Warbler
469216061,Golden-cheeked Warbler
469216081,Golden-cheeked Warbler
530359941,Golden-cheeked Warbler
542437171,Golden-cheeked Warbler
543662521,Golden-cheeked Warbler
544008751,Golden-cheeked Warbler
544008761,Golden-cheeked Warbler
544616101,Golden-cheeked Warbler
545118581,Golden-cheeked Warbler
545118591,Golden-cheeked Warbler
545119451,Golden-cheeked Warbler
545119461,Golden-cheeked Warbler
545119471,Golden-cheeked Warbler
545832651,Golden-cheeked Warbler
546067481,Golden-cheeked Warbler
546126141,Golden-cheeked Warbler
546483691,Golden-cheeked Warbler
547263861,Golden-cheeked Warbler
547426871,Golden-cheeked Warbler
547646371,Golden-cheeked Warbler
548141531,Golden-cheeked Warbler
548388391,Golden-cheeked Warbler
548470231,Golden-cheeked Warbler
548696971,Golden-cheeked Warbler
548716041,Golden-cheeked Warbler
549099361,Golden-cheeked Warbler
549468691,Golden-cheeked Warbler
549591091,Golden-cheeked Warbler
549599851,Golden-cheeked Warbler
550295421,Golden-cheeked Warbler
550315501,Golden-cheeked Warbler
550316171,Golden-cheeked Warbler
550417321,Golden-cheeked Warbler
550614911,Golden-cheeked Warbler
550744141,Golden-cheeked Warbler
551017581,Golden-cheeked Warbler
551577661,Golden-cheeked Warbler
553071841,Golden-cheeked Warbler
553128291,Golden-cheeked Warbler
553251941,Golden-cheeked Warbler
553955321,Golden-cheeked Warbler
553957521,Golden-cheeked Warbler
554070861,Golden-cheeked Warbler
554271381,Golden-cheeked Warbler
554397981,Golden-cheeked Warbler
554398011,Golden-cheeked Warbler
554745541,Golden-cheeked Warbler
554768371,Golden-cheeked Warbler
554990551,Golden-cheeked Warbler
555143861,Golden-cheeked Warbler
555161481,Golden-cheeked Warbler
555228801,Golden-cheeked Warbler
555246561,Golden-cheeked Warbler
555292021,Golden-cheeked Warbler
555292031,Golden-cheeked Warbler
555614071,Golden-cheeked Warbler
555615781,Golden-cheeked Warbler
555617001,Golden-cheeked Warbler
555618611,Golden-cheeked Warbler
555629081,Golden-cheeked Warbler
555681491,Golden-cheeked Warbler
555837021,Golden-cheeked Warbler
555941221,Golden-cheeked Warbler
555971681,Golden-cheeked Warbler
556549641,Golden-cheeked Warbler
556549651,Golden-cheeked Warbler
557232121,Golden-cheeked Warbler
557232531,Golden-cheeked Warbler
557489401,Golden-cheeked Warbler
557489661,Golden-cheeked Warbler
557493101,Golden-cheeked Warbler
557493201,Golden-cheeked Warbler
557498451,Golden-cheeked Warbler
558177901,Golden-cheeked Warbler
558434901,Golden-cheeked Warbler
558628671,Golden-cheeked Warbler
558784671,Golden-cheeked Warbler
558799631,Golden-cheeked Warbler
559176511,Golden-cheeked Warbler
559179921,Golden-cheeked Warbler
559486981,Golden-cheeked Warbler
559487511,Golden-cheeked Warbler
560536911,Golden-cheeked Warbler
560873651,Golden-cheeked Warbler
560933891,Golden-cheeked Warbler
560933901,Golden-cheeked Warbler
562304321,Golden-cheeked Warbler
563159621,Golden-cheeked Warbler
563368731,Golden-cheeked Warbler
563769871,Golden-cheeked Warbler
563770211,Golden-cheeked Warbler
563934311,Golden-cheeked Warbler
564317121,Golden-cheeked Warbler
564341751,Golden-cheeked Warbler
564364271,Golden-cheeked Warbler
564364601,Golden-cheeked Warbler
565194171,Golden-cheeked Warbler
565239211,Golden-cheeked Warbler
565431721,Golden-cheeked Warbler
567372601,Golden-cheeked Warbler
570023151,Golden-cheeked Warbler
570035981,Golden-cheeked Warbler
570697101,Golden-cheeked Warbler
571453511,Golden-cheeked Warbler
573123371,Golden-cheeked Warbler
573216511,Golden-cheeked Warbler
573221851,Golden-cheeked Warbler
573248461,Golden-cheeked Warbler
573326771,Golden-cheeked Warbler
573506321,Golden-cheeked Warbler
574383871,Golden-cheeked Warbler
574384251,Golden-cheeked Warbler
574622381,Golden-cheeked Warbler
575618721,Golden-cheeked Warbler
575619381,Golden-cheeked Warbler
575818811,Golden-cheeked Warbler
576000841,Golden-cheeked Warbler
576669361,Golden-cheeked Warbler
576803001,Golden-cheeked Warbler
577142771,Golden-cheeked Warbler
577257761,Golden-cheeked Warbler
580198651,Golden-cheeked Warbler
580744761,Golden-cheeked Warbler
581545771,Golden-cheeked Warbler
582491751,Golden-cheeked Warbler
584717541,Golden-cheeked Warbler
586619171,Golden-cheeked Warbler
589832841,Golden-cheeked Warbler
592904941,Golden-cheeked Warbler
594650741,Golden-cheeked Warbler
595081031,Golden-cheeked Warbler
595743361,Golden-cheeked Warbler
608917530,Golden-cheeked Warbler
608917531,Golden-cheeked Warbler
611335498,Golden-cheeked Warbler
5146,Northern Cardinal
5275,Northern Cardinal
6055,Northern Cardinal
6090,Northern Cardinal
40520,Northern Cardinal
57975,Northern Cardinal
84683,Northern Cardinal
94238,Northern Cardinal
94248,Northern Cardinal
94283,Northern Cardinal
94284,Northern Cardinal
94285,Northern Cardinal
94286,Northern Cardinal
94287,Northern Cardinal
94288,Northern Cardinal
94289,Northern Cardinal
98872,Northern Cardinal
100744,Northern Cardinal
100747,Northern Cardinal
100764,Northern Cardinal
100765,Northern Cardinal
100794,Northern Cardinal
107278,Northern Cardinal
107290,Northern Cardinal
107306,Northern Cardinal
110211,Northern Cardinal
130905,Northern Cardinal
176241,Northern Cardinal
209312,Northern Cardinal
249823,Northern Cardinal
30944971,Northern Cardinal
65579011,Northern Cardinal
90086951,Northern Cardinal
90519031,Northern Cardinal
91055891,Northern Cardinal
100952741,Northern Cardinal
101113031,Northern Cardinal
104181871,Northern Cardinal
105871171,Northern Cardinal
144666551,Northern Cardinal
146025921,Northern Cardinal
146568031,Northern Cardinal
152174871,Northern Cardinal
156582391,Northern Cardinal
159064351,Northern Cardinal
164959631,Northern Cardinal
208264591,Northern Cardinal
210030881,Northern Cardinal
216190931,Northern Cardinal
221179231,Northern Cardinal
225370771,Northern Cardinal
225814701,Northern Cardinal
244398661,Northern Cardinal
282216971,Northern Cardinal
284999651,Northern Cardinal
316617151,Northern Cardinal
316948901,Northern Cardinal
319774601,Northern Cardinal
325292231,Northern Cardinal
331163611,Northern Cardinal
333831441,Northern Cardinal
337365371,Northern Cardinal
338882111,Northern Cardinal
339922801,Northern Cardinal
340814811,Northern Cardinal
352632171,Northern Cardinal
355524681,Northern Cardinal
356109821,Northern Cardinal
356109871,Northern Cardinal
357220011,Northern Cardinal
357412851,Northern Cardinal
358214531,Northern Cardinal
358328811,Northern Cardinal
360782581,Northern Cardinal
361473371,Northern Cardinal
365896521,Northern Cardinal
391584991,Northern Cardinal
401331381,Northern Cardinal
403505721,Northern Cardinal
409750381,Northern Cardinal
411580361,Northern Cardinal
421684041,Northern Cardinal
424928501,Northern Cardinal
430012311,Northern Cardinal
430497051,Northern Cardinal
432231201,Northern Cardinal
434987071,Northern Cardinal
436728261,Northern Cardinal
438692911,Northern Cardinal
439435631,Northern Cardinal
440537081,Northern Cardinal
449428891,Northern Cardinal
453791391,Northern Cardinal
453916381,Northern Cardinal
462228201,Northern Cardinal
462258341,Northern Cardinal
475831511,Northern Cardinal
514593191,Northern Cardinal
540712861,Northern Cardinal
454193371,Northern Cardinal (Common)
105238,Painted Bunting
105245,Painted Bunting
105417,Painted Bunting
105518,Painted Bunting
110139,Painted Bunting
110142,Painted Bunting
163233,Painted Bunting
188218,Painted Bunting
31013631,Painted Bunting
31013651,Painted Bunting
59692361,Painted Bunting
64207661,Painted Bunting
64747901,Painted Bunting
66814801,Painted Bunting
101234291,Painted Bunting
104429751,Painted Bunting
104429851,Painted Bunting
159593361,Painted Bunting
166842421,Painted Bunting
172304921,Painted Bunting
221994351,Painted Bunting
227961041,Painted Bunting
230672421,Painted Bunting
231030681,Painted Bunting
233398261,Painted Bunting
236849351,Painted Bunting
239520081,Painted Bunting
241280221,Painted Bunting
245216941,Painted Bunting
245795921,Painted Bunting
246845911,Painted Bunting
247071151,Painted Bunting
247425861,Painted Bunting
263841731,Painted Bunting
263843461,Painted Bunting
284298821,Painted Bunting
334945671,Painted Bunting
335489401,Painted Bunting
335967491,Painted Bunting
337807481,Painted Bunting
338571351,Painted Bunting
339496191,Painted Bunting
339884331,Painted Bunting
340811961,Painted Bunting
341485481,Painted Bunting
341511521,Painted Bunting
343517071,Painted Bunting
344090411,Painted Bunting
344914241,Painted Bunting
345364951,Painted Bunting
346305731,Painted Bunting
350228011,Painted Bunting
351592301,Painted Bunting
352717901,Painted Bunting
353682421,Painted Bunting
354608241,Painted Bunting
359549681,Painted Bunting
371554641,Painted Bunting
411905771,Painted Bunting
437649751,Painted Bunting
437649781,Painted Bunting
439067701,Painted Bunting
439381261,Painted Bunting
440003011,Painted Bunting
440221151,Painted Bunting
440691611,Painted Bunting
441327901,Painted Bunting
441637851,Painted Bunting
442053361,Painted Bunting
442055801,Painted Bunting
442056251,Painted Bunting
442064661,Painted Bunting
442373931,Painted Bunting
443100571,Painted Bunting
445143311,Painted Bunting
446402521,Painted Bunting
446488381,Painted Bunting
448422971,Painted Bunting
449122491,Painted Bunting
449124361,Painted Bunting
449508021,Painted Bunting
452217641,Painted Bunting
452241621,Painted Bunting
453448171,Painted Bunting
454109551,Painted Bunting
454245421,Painted Bunting
455438281,Painted Bunting
455594901,Painted Bunting
457758021,Painted Bunting
461960881,Painted Bunting
462982311,Painted Bunting
463573501,Painted Bunting
464952791,Painted Bunting
466701241,Painted Bunting
467419861,Painted Bunting
468568021,Painted Bunting
470172031,Painted Bunting
478738771,Painted Bunting
480370941,Painted Bunting
529918751,Painted Bunting
224495,Rock Wren
29668421,Rock Wren
29678081,Rock Wren
43462941,Rock Wren
43462971,Rock Wren
51142021,Rock Wren
60914481,Rock Wren
66254311,Rock Wren
67144821,Rock Wren
67335911,Rock Wren
74621141,Rock Wren
76551841,Rock Wren
92053031,Rock Wren
103384931,Rock Wren
103384981,Rock Wren
107155321,Rock Wren
117226621,Rock Wren
124111641,Rock Wren
125580671,Rock Wren
127353731,Rock Wren
137757061,Rock Wren
143641761,Rock Wren
147235771,Rock Wren
149840331,Rock Wren
151628431,Rock Wren
151866781,Rock Wren
161722921,Rock Wren
164591381,Rock Wren
166682021,Rock Wren
167237781,Rock Wren
168122871,Rock Wren
170525021,Rock Wren
170525851,Rock Wren
176998581,Rock Wren
184114481,Rock Wren
197202961,Rock Wren
210383431,Rock Wren
226138071,Rock Wren
227500831,Rock Wren
232008421,Rock Wren
233586891,Rock Wren
234152141,Rock Wren
241323671,Rock Wren
242871811,Rock Wren
249918871,Rock Wren
255624421,Rock Wren
259176701,Rock Wren
270431541,Rock Wren
290410131,Rock Wren
301902931,Rock Wren
315261471,Rock Wren
315297521,Rock Wren
336149801,Rock Wren
342391221,Rock Wren
350213891,Rock Wren
351213281,Rock Wren
353301521,Rock Wren
353343451,Rock Wren
353476381,Rock Wren
354108081,Rock Wren
354223981,Rock Wren
354223991,Rock Wren
354320941,Rock Wren
354367791,Rock Wren
356553121,Rock Wren
371174421,Rock Wren
374504001,Rock Wren
375892001,Rock Wren
394916341,Rock Wren
409997641,Rock Wren
410001131,Rock Wren
416339191,Rock Wren
438405741,Rock Wren
449445581,Rock Wren
462518231,Rock Wren
466583591,Rock Wren
486434931,Rock Wren
504490131,Rock Wren
510804061,Rock Wren
167758211,Rock Wren (Central American)
169326141,Rock Wren (Central American)
44914,Rock Wren (Northern)
56916,Rock Wren (Northern)
71889,Rock Wren (Northern)
89889,Rock Wren (Northern)
103927,Rock Wren (Northern)
106609,Rock Wren (Northern)
109265,Rock Wren (Northern)
141630,Rock Wren (Northern)
187321,Rock Wren (Northern)
197951,Rock Wren (Northern)
197953,Rock Wren (Northern)
197955,Rock Wren (Northern)
204819,Rock Wren (Northern)
205438,Rock Wren (Northern)
212143,Rock Wren (Northern)
289755,Rock Wren (Northern)
296854,Rock Wren (Northern)
220382351,Rock Wren (Northern)
305974191,Rock Wren (Northern)
16623,White-crowned Sparrow
16626,White-crowned Sparrow
16627,White-crowned Sparrow
16632,White-crowned Sparrow
16634,White-crowned Sparrow
16637,White-crowned Sparrow
16641,White-crowned Sparrow
16644,White-crowned Sparrow
16648,White-crowned Sparrow
16661,White-crowned Sparrow
16668,White-crowned Sparrow
16676,White-crowned Sparrow
16678,White-crowned Sparrow
22972,White-crowned Sparrow
42259,White-crowned Sparrow
42260,White-crowned Sparrow
42261,White-crowned Sparrow
42273,White-crowned Sparrow
43976,White-crowned Sparrow
44934,White-crowned Sparrow
50105,White-crowned Sparrow
50106,White-crowned Sparrow
51163,White-crowned Sparrow
100701,White-crowned Sparrow
106679,White-crowned Sparrow
118698,White-crowned Sparrow
206454,White-crowned Sparrow
207167,White-crowned Sparrow
207169,White-crowned Sparrow
67941971,White-crowned Sparrow
67948071,White-crowned Sparrow
99658461,White-crowned Sparrow
129379151,White-crowned Sparrow
157458241,White-crowned Sparrow
164891321,White-crowned Sparrow
165333951,White-crowned Sparrow
165445081,White-crowned Sparrow
175497131,White-crowned Sparrow
203695531,White-crowned Sparrow
223015211,White-crowned Sparrow
230813571,White-crowned Sparrow
231594911,White-crowned Sparrow
233146981,White-crowned Sparrow
233264021,White-crowned Sparrow
243063731,White-crowned Sparrow
249564721,White-crowned Sparrow
267205961,White-crowned Sparrow
267929741,White-crowned Sparrow
269143681,White-crowned Sparrow
269726561,White-crowned Sparrow
274539121,White-crowned Sparrow
281071101,White-crowned Sparrow
283544611,White-crowned Sparrow
289382511,White-crowned Sparrow
305687521,White-crowned Sparrow
322351261,White-crowned Sparrow
324638951,White-crowned Sparrow
331116971,White-crowned Sparrow
350515001,White-crowned Sparrow
373955921,White-crowned Sparrow
388302111,White-crowned Sparrow
392715731,White-crowned Sparrow
429750211,White-crowned Sparrow
432882171,White-crowned Sparrow
433966991,White-crowned Sparrow
453368301,White-crowned Sparrow
493658831,White-crowned Sparrow
499239821,White-crowned Sparrow
516003071,White-crowned Sparrow
516003171,White-crowned Sparrow
516009461,White-crowned Sparrow
516188861,White-crowned Sparrow
516874631,White-crowned Sparrow
518403781,White-crowned Sparrow
520549171,White-crowned Sparrow
16675,White-crowned Sparrow (Gambel's)
77062,White-crowned Sparrow (Gambel's)
214651271,White-crowned Sparrow (Gambel's)
214651801,White-crowned Sparrow (Gambel's)
294310891,White-crowned Sparrow (Gambel's)
376759181,White-crowned Sparrow (Gambel's)
376759191,White-crowned Sparrow (Gambel's)
397687081,White-crowned Sparrow (Gambel's)
522372341,White-crowned Sparrow (Gambel's)
78304321,White-crowned Sparrow (leucophrys)
149128211,White-crowned Sparrow (nuttalli)
163738521,White-crowned Sparrow (nuttalli)
244621691,White-crowned Sparrow (oriantha)
247669681,White-crowned Sparrow (oriantha)
293020611,White-crowned Sparrow (oriantha)
349542181,White-crowned Sparrow (oriantha)
355711911,White-crowned Sparrow (oriantha)
80496221,White-crowned Sparrow (pugetensis)
83151341,White-crowned Sparrow (pugetensis)
157583231,White-crowned Sparrow (pugetensis)
246691041,White-crowned Sparrow (pugetensis)
265381501,White-crowned Sparrow (pugetensis)
347611871,White-crowned Sparrow (pugetensis)
494812641,White-crowned Sparrow (pugetensis)
523781011,White-crowned Sparrow (pugetensis)